Workbook

Sheet README
B2: 항암요법 공고 레지멘 계산 DB
B3: HIRA 「암환자에게 처방·투여하는 약제에 대한 요양급여의 적용기준 및 방법에 관한 세부사항」 기반
B5: 출처 (공고) | C5: 건강보험심사평가원 공고 제2025-210호 (2025.10.1. 시행) / 발간 G000DB5-2025-140 (2025.12)
B6: 암종 분류 체계 | C6: 공고 본문 '주요 암종별 항암요법' 40개 카테고리 (1.소세포폐암 ~ 40.기타 항암제 병용요법)
B7: 용량 데이터 원칙 | C7: 공고 본문은 mg/m² 상세 용량을 명시하지 않고 '식약처 허가사항 기준'(일반원칙 3.가)으로 위임함. 따라서 본 DB의 용법용량은 NCCN / 허가사항 / 표준 임상 레퍼런스로 보완 입력하였으며 '출처'·'검증' 컬럼에 표기.
B9: ★ 사용법
B10: 1) 계산기 시트 | C10: 환자 키·체중·나이·성별·혈청크레아티닌(SCr) 입력 → BSA(Mosteller/DuBois), CrCl(Cockcroft-Gault), Calvert용 GFR 자동 산출
B11: 2) 레지멘DB 시트 | C11: 입력한 환자값 기준으로 모든 약제의 '1회용량(mg)'·'주기총량(mg)'이 자동 계산됨 (계산기 시트값을 실시간 참조)
B12: 3) 키트루다_적응증 | C12: pembrolizumab 국내 급여 13개 암종 전체. 용법 200mg q3w / 400mg q6w 고정. 기존 4종 + 2026.1 신규 9종.
B13: 4) 단위 규칙 | C13: mg/m²→×BSA / mg/m²/day→×BSA / mg/kg→×체중 / AUC→Calvert(AUC×(GFR+25)) / mg→고정용량(경구·IO 고정)
B15: ⚠ 면책 / 검증 | C15: 본 DB는 레지멘 용량 '계산 보조' 도구입니다. 실제 처방은 반드시 최신 식약처 허가사항·공고 본문·기관 프로토콜과 대조하여 검증해야 합니다. '검증' 컬럼이 '검증필요'인 행은 미확정 상태로 간주하십시오.
B16: 현재 버전 | C16: v2. 144개 레지멘/252 약제행. 10대 암(갑상선·대장·폐·유방·위·전립선·간·췌장·신장·담낭담도) comprehensive 반영 + 키트루다 13개 암종 전체. 130개 레지멘 NCCN v2025 대조 검증 완료, 14개 검증필요(소아·희귀암 위주).
B18: 투여요법 약어 | C18: N=선행화학요법(neoadjuvant) / A=수술후보조요법(adjuvant) / P=고식적요법(palliative) / S=구제요법(salvage)
C19: 관해유도(induction) / 관해공고(consolidation) / 관해유지(maintenance) / 강화(intensification) / CNS예방(prophylaxis)
B20: 투여경로 약어 | C20: IV=정맥내 / PO=경구 / SC=피하 / IM=근육내 / IT=척수강내
B21: 약제군 (1군/2군) | C21: 2군=암질환심의위원회가 별도 지정(투여대상·단계·요법 명시 적용). 1군=의학적 판단 하 허가범위 사용. '약제군' 시트 참조

Sheet 계산기
B2: 환자 파라미터 입력 → 체표면적·신기능 자동계산
B4: ■ 입력값 (노란색 셀)
B5: 키 (Height) | C5: 165 | D5: cm | E5: 예: 165
B6: 체중 (Weight) | C6: 62 | D6: kg | E6: 예: 62
B7: 나이 (Age) | C7: 60 | D7: 세 | E7: Cockcroft-Gault용
B8: 성별 (Sex) | C8: M | D8: M/F | E8: 여성이면 F 입력 (CrCl ×0.85)
B9: 혈청크레아티닌 (SCr) | C9: 0.9 | D9: mg/dL | E9: 예: 0.9
B11: ■ 자동 계산값 (녹색 셀)
B12: BSA – Mosteller | C12: =SQRT(C5*C6/3600) -> 1.6857244 | D12: m² | E12: 산식: √(키×체중/3600)
B13: BSA – DuBois | C13: =0.007184*C5^0.725*C6^0.425 -> 1.6819328 | D13: m² | E13: 산식: 0.007184×키^0.725×체중^0.425
B14: 적용 BSA | C14: =C12 -> 1.6857244 | D14: m² | E14: 레지멘DB 계산에 사용 (기본=Mosteller)
B15: CrCl – Cockcroft-Gault | C15: =((140-C7)*C6*IF(C8="F",0.85,1))/(72*C9) -> 76.54321 | D15: mL/min | E15: 산식: (140−나이)×체중×성별계수 / (72×SCr)
B16: 적용 GFR (Calvert, ≤125 cap) | C16: =MIN(C15,125) -> 76.54321 | D16: mL/min | E16: carboplatin AUC 용량 산정용
B18: 참고: Calvert 식 → carboplatin 용량(mg) = 목표AUC × (적용GFR + 25). 적용GFR은 과다추정 방지 위해 125 mL/min로 상한.

Sheet 레지멘DB
A1: 레지멘ID | B1: 암종번호 | C1: 암종 | D1: 레지멘명 | E1: 투여요법 | F1: 투여단계 | G1: 약제성분 | H1: 약제군 | I1: 용량값 | J1: 단위 | K1: 투여일 | L1: 회수/주기 | M1: 주기길이(일) | N1: 주기표기 | O1: 총사이클 | P1: 경로 | Q1: 비고/상한 | R1: 1회용량(mg) | S1: 주기총량(mg) | T1: 출처 | U1: 검증
A2: 1-EP | B2: 1 | C2: 소세포폐암 | D2: EP (Etoposide+Cisplatin) | E2: P/공고 | F2: 1차 | G2: Etoposide | H2: 1 | I2: 100 | J2: mg/m² | K2: D1-3 | L2: 3 | M2: 21 | N2: q3w | O2: 4 | P2: IV | R2: =IF(N(I2)=0,"",IF(OR(J2="mg/m²",J2="mg/m²/day"),I2*계산기!$C$14,IF(J2="mg/kg",I2*계산기!$C$6,IF(J2="AUC",I2*(계산기!$C$16+25),IF(J2="mg",I2,""))))) -> 168.57244 | S2: =IF(OR(R2="",L2=""),"",R2*L2) -> 505.71731 | T2: NCCN v2025/허가사항 | U2: NCCN확인
G3: Cisplatin | H3: 1 | I3: 75 | J3: mg/m² | K3: D1 | L3: 1 | M3: 21 | N3: q3w | O3: 4 | P3: IV | Q3: 60-80 범위 | R3: =IF(N(I3)=0,"",IF(OR(J3="mg/m²",J3="mg/m²/day"),I3*계산기!$C$14,IF(J3="mg/kg",I3*계산기!$C$6,IF(J3="AUC",I3*(계산기!$C$16+25),IF(J3="mg",I3,""))))) -> 126.42933 | S3: =IF(OR(R3="",L3=""),"",R3*L3) -> 126.42933
A4: 1-EC | B4: 1 | C4: 소세포폐암 | D4: EC (Etoposide+Carboplatin) | E4: P | F4: 1차 | G4: Etoposide | H4: 1 | I4: 100 | J4: mg/m² | K4: D1-3 | L4: 3 | M4: 21 | N4: q3w | O4: 4 | P4: IV | R4: =IF(N(I4)=0,"",IF(OR(J4="mg/m²",J4="mg/m²/day"),I4*계산기!$C$14,IF(J4="mg/kg",I4*계산기!$C$6,IF(J4="AUC",I4*(계산기!$C$16+25),IF(J4="mg",I4,""))))) -> 168.57244 | S4: =IF(OR(R4="",L4=""),"",R4*L4) -> 505.71731 | T4: NCCN v2025/허가사항 | U4: NCCN확인
G5: Carboplatin | H5: 1 | I5: 5 | J5: AUC | K5: D1 | L5: 1 | M5: 21 | N5: q3w | O5: 4 | P5: IV | Q5: AUC 5-6 | R5: =IF(N(I5)=0,"",IF(OR(J5="mg/m²",J5="mg/m²/day"),I5*계산기!$C$14,IF(J5="mg/kg",I5*계산기!$C$6,IF(J5="AUC",I5*(계산기!$C$16+25),IF(J5="mg",I5,""))))) -> 507.71605 | S5: =IF(OR(R5="",L5=""),"",R5*L5) -> 507.71605
A6: 1-Atezolizumab | B6: 1 | C6: 소세포폐암 | D6: Atezolizumab + CE | E6: P | F6: 1차 | G6: Atezolizumab | H6: 2 | I6: 1200 | J6: mg | K6: D1 | L6: 1 | M6: 21 | N6: q3w | P6: IV | Q6: 고정용량 | R6: =IF(N(I6)=0,"",IF(OR(J6="mg/m²",J6="mg/m²/day"),I6*계산기!$C$14,IF(J6="mg/kg",I6*계산기!$C$6,IF(J6="AUC",I6*(계산기!$C$16+25),IF(J6="mg",I6,""))))) -> 1200 | S6: =IF(OR(R6="",L6=""),"",R6*L6) -> 1200 | T6: NCCN v2025/허가사항 | U6: NCCN확인
G7: Carboplatin | H7: 1 | I7: 5 | J7: AUC | K7: D1 | L7: 1 | M7: 21 | N7: q3w | O7: 4 | P7: IV | R7: =IF(N(I7)=0,"",IF(OR(J7="mg/m²",J7="mg/m²/day"),I7*계산기!$C$14,IF(J7="mg/kg",I7*계산기!$C$6,IF(J7="AUC",I7*(계산기!$C$16+25),IF(J7="mg",I7,""))))) -> 507.71605 | S7: =IF(OR(R7="",L7=""),"",R7*L7) -> 507.71605
G8: Etoposide | H8: 1 | I8: 100 | J8: mg/m² | K8: D1-3 | L8: 3 | M8: 21 | N8: q3w | O8: 4 | P8: IV | R8: =IF(N(I8)=0,"",IF(OR(J8="mg/m²",J8="mg/m²/day"),I8*계산기!$C$14,IF(J8="mg/kg",I8*계산기!$C$6,IF(J8="AUC",I8*(계산기!$C$16+25),IF(J8="mg",I8,""))))) -> 168.57244 | S8: =IF(OR(R8="",L8=""),"",R8*L8) -> 505.71731
A9: 1-Topotecan | B9: 1 | C9: 소세포폐암 | D9: Topotecan | E9: P/S | F9: 2차 이상 | G9: Topotecan | H9: 1 | I9: 1.5 | J9: mg/m² | K9: D1-5 | L9: 5 | M9: 21 | N9: q3w | P9: IV | R9: =IF(N(I9)=0,"",IF(OR(J9="mg/m²",J9="mg/m²/day"),I9*계산기!$C$14,IF(J9="mg/kg",I9*계산기!$C$6,IF(J9="AUC",I9*(계산기!$C$16+25),IF(J9="mg",I9,""))))) -> 2.5285866 | S9: =IF(OR(R9="",L9=""),"",R9*L9) -> 12.642933 | T9: NCCN v2025/허가사항 | U9: NCCN확인
A10: 2-Pemetrexed+Cis | B10: 2 | C10: 비소세포폐암 | D10: Pemetrexed+Cisplatin | E10: P/A | F10: 1차 | G10: Pemetrexed | H10: 1 | I10: 500 | J10: mg/m² | K10: D1 | L10: 1 | M10: 21 | N10: q3w | O10: 4 | P10: IV | Q10: 비편평 | R10: =IF(N(I10)=0,"",IF(OR(J10="mg/m²",J10="mg/m²/day"),I10*계산기!$C$14,IF(J10="mg/kg",I10*계산기!$C$6,IF(J10="AUC",I10*(계산기!$C$16+25),IF(J10="mg",I10,""))))) -> 842.86219 | S10: =IF(OR(R10="",L10=""),"",R10*L10) -> 842.86219 | T10: NCCN v2025/허가사항 | U10: NCCN확인
G11: Cisplatin | H11: 1 | I11: 75 | J11: mg/m² | K11: D1 | L11: 1 | M11: 21 | N11: q3w | O11: 4 | P11: IV | R11: =IF(N(I11)=0,"",IF(OR(J11="mg/m²",J11="mg/m²/day"),I11*계산기!$C$14,IF(J11="mg/kg",I11*계산기!$C$6,IF(J11="AUC",I11*(계산기!$C$16+25),IF(J11="mg",I11,""))))) -> 126.42933 | S11: =IF(OR(R11="",L11=""),"",R11*L11) -> 126.42933
A12: 2-Paclitaxel+Car | B12: 2 | C12: 비소세포폐암 | D12: Paclitaxel+Carboplatin | E12: P | F12: 1차 | G12: Paclitaxel | H12: 1 | I12: 200 | J12: mg/m² | K12: D1 | L12: 1 | M12: 21 | N12: q3w | O12: 4 | P12: IV | R12: =IF(N(I12)=0,"",IF(OR(J12="mg/m²",J12="mg/m²/day"),I12*계산기!$C$14,IF(J12="mg/kg",I12*계산기!$C$6,IF(J12="AUC",I12*(계산기!$C$16+25),IF(J12="mg",I12,""))))) -> 337.14487 | S12: =IF(OR(R12="",L12=""),"",R12*L12) -> 337.14487 | T12: NCCN v2025/허가사항 | U12: NCCN확인
G13: Carboplatin | H13: 1 | I13: 6 | J13: AUC | K13: D1 | L13: 1 | M13: 21 | N13: q3w | O13: 4 | P13: IV | R13: =IF(N(I13)=0,"",IF(OR(J13="mg/m²",J13="mg/m²/day"),I13*계산기!$C$14,IF(J13="mg/kg",I13*계산기!$C$6,IF(J13="AUC",I13*(계산기!$C$16+25),IF(J13="mg",I13,""))))) -> 609.25926 | S13: =IF(OR(R13="",L13=""),"",R13*L13) -> 609.25926
A14: 2-Gemcitabine+Ci | B14: 2 | C14: 비소세포폐암 | D14: Gemcitabine+Cisplatin | E14: P | F14: 1차 | G14: Gemcitabine | H14: 1 | I14: 1250 | J14: mg/m² | K14: D1,8 | L14: 2 | M14: 21 | N14: q3w | O14: 4 | P14: IV | R14: =IF(N(I14)=0,"",IF(OR(J14="mg/m²",J14="mg/m²/day"),I14*계산기!$C$14,IF(J14="mg/kg",I14*계산기!$C$6,IF(J14="AUC",I14*(계산기!$C$16+25),IF(J14="mg",I14,""))))) -> 2107.1555 | S14: =IF(OR(R14="",L14=""),"",R14*L14) -> 4214.3109 | T14: NCCN v2025/허가사항 | U14: NCCN확인
G15: Cisplatin | H15: 1 | I15: 75 | J15: mg/m² | K15: D1 | L15: 1 | M15: 21 | N15: q3w | O15: 4 | P15: IV | R15: =IF(N(I15)=0,"",IF(OR(J15="mg/m²",J15="mg/m²/day"),I15*계산기!$C$14,IF(J15="mg/kg",I15*계산기!$C$6,IF(J15="AUC",I15*(계산기!$C$16+25),IF(J15="mg",I15,""))))) -> 126.42933 | S15: =IF(OR(R15="",L15=""),"",R15*L15) -> 126.42933
A16: 2-Docetaxel | B16: 2 | C16: 비소세포폐암 | D16: Docetaxel | E16: P/S | F16: 2차 이상 | G16: Docetaxel | H16: 1 | I16: 75 | J16: mg/m² | K16: D1 | L16: 1 | M16: 21 | N16: q3w | P16: IV | R16: =IF(N(I16)=0,"",IF(OR(J16="mg/m²",J16="mg/m²/day"),I16*계산기!$C$14,IF(J16="mg/kg",I16*계산기!$C$6,IF(J16="AUC",I16*(계산기!$C$16+25),IF(J16="mg",I16,""))))) -> 126.42933 | S16: =IF(OR(R16="",L16=""),"",R16*L16) -> 126.42933 | T16: NCCN v2025/허가사항 | U16: NCCN확인
A17: 2-Pembrolizumab | B17: 2 | C17: 비소세포폐암 | D17: Pembrolizumab 단독 | E17: P | F17: 1차 | G17: Pembrolizumab | H17: 2 | I17: 200 | J17: mg | K17: D1 | L17: 1 | M17: 21 | N17: q3w | P17: IV | Q17: PD-L1≥50%; 400mg q6w 가능 | R17: =IF(N(I17)=0,"",IF(OR(J17="mg/m²",J17="mg/m²/day"),I17*계산기!$C$14,IF(J17="mg/kg",I17*계산기!$C$6,IF(J17="AUC",I17*(계산기!$C$16+25),IF(J17="mg",I17,""))))) -> 200 | S17: =IF(OR(R17="",L17=""),"",R17*L17) -> 200 | T17: NCCN v2025/허가사항 | U17: NCCN확인
A18: 2-Osimertinib | B18: 2 | C18: 비소세포폐암 | D18: Osimertinib | E18: P/A | F18: 1차 | G18: Osimertinib | H18: 2 | I18: 80 | J18: mg | K18: 매일 | L18: 1 | M18: 1 | N18: daily | O18: 연속 | P18: PO | Q18: EGFR변이 | R18: =IF(N(I18)=0,"",IF(OR(J18="mg/m²",J18="mg/m²/day"),I18*계산기!$C$14,IF(J18="mg/kg",I18*계산기!$C$6,IF(J18="AUC",I18*(계산기!$C$16+25),IF(J18="mg",I18,""))))) -> 80 | S18: =IF(OR(R18="",L18=""),"",R18*L18) -> 80 | T18: NCCN v2025/허가사항 | U18: NCCN확인
A19: 2-Gefitinib | B19: 2 | C19: 비소세포폐암 | D19: Gefitinib | E19: P | F19: 1차 이상 | G19: Gefitinib | H19: 2 | I19: 250 | J19: mg | K19: 매일 | L19: 1 | M19: 1 | N19: daily | O19: 연속 | P19: PO | Q19: EGFR변이 | R19: =IF(N(I19)=0,"",IF(OR(J19="mg/m²",J19="mg/m²/day"),I19*계산기!$C$14,IF(J19="mg/kg",I19*계산기!$C$6,IF(J19="AUC",I19*(계산기!$C$16+25),IF(J19="mg",I19,""))))) -> 250 | S19: =IF(OR(R19="",L19=""),"",R19*L19) -> 250 | T19: NCCN v2025/허가사항 | U19: NCCN확인
A20: 2-Alectinib | B20: 2 | C20: 비소세포폐암 | D20: Alectinib | E20: P | F20: 1차 | G20: Alectinib | H20: 2 | I20: 600 | J20: mg | K20: BID | L20: 2 | M20: 1 | N20: daily | O20: 연속 | P20: PO | Q20: ALK양성 | R20: =IF(N(I20)=0,"",IF(OR(J20="mg/m²",J20="mg/m²/day"),I20*계산기!$C$14,IF(J20="mg/kg",I20*계산기!$C$6,IF(J20="AUC",I20*(계산기!$C$16+25),IF(J20="mg",I20,""))))) -> 600 | S20: =IF(OR(R20="",L20=""),"",R20*L20) -> 1200 | T20: NCCN v2025/허가사항 | U20: NCCN확인
A21: 3-mFOLFOX6 | B21: 3 | C21: 위암 | D21: mFOLFOX6 | E21: P/A | F21: 1차 | G21: Oxaliplatin | H21: 1 | I21: 85 | J21: mg/m² | K21: D1 | L21: 1 | M21: 14 | N21: q2w | P21: IV | R21: =IF(N(I21)=0,"",IF(OR(J21="mg/m²",J21="mg/m²/day"),I21*계산기!$C$14,IF(J21="mg/kg",I21*계산기!$C$6,IF(J21="AUC",I21*(계산기!$C$16+25),IF(J21="mg",I21,""))))) -> 143.28657 | S21: =IF(OR(R21="",L21=""),"",R21*L21) -> 143.28657 | T21: NCCN v2025/허가사항 | U21: NCCN확인
G22: Leucovorin | H22: 1 | I22: 400 | J22: mg/m² | K22: D1 | L22: 1 | M22: 14 | N22: q2w | P22: IV | R22: =IF(N(I22)=0,"",IF(OR(J22="mg/m²",J22="mg/m²/day"),I22*계산기!$C$14,IF(J22="mg/kg",I22*계산기!$C$6,IF(J22="AUC",I22*(계산기!$C$16+25),IF(J22="mg",I22,""))))) -> 674.28975 | S22: =IF(OR(R22="",L22=""),"",R22*L22) -> 674.28975
G23: Fluorouracil(bolus) | H23: 1 | I23: 400 | J23: mg/m² | K23: D1 | L23: 1 | M23: 14 | N23: q2w | P23: IV | R23: =IF(N(I23)=0,"",IF(OR(J23="mg/m²",J23="mg/m²/day"),I23*계산기!$C$14,IF(J23="mg/kg",I23*계산기!$C$6,IF(J23="AUC",I23*(계산기!$C$16+25),IF(J23="mg",I23,""))))) -> 674.28975 | S23: =IF(OR(R23="",L23=""),"",R23*L23) -> 674.28975
G24: Fluorouracil(CI) | H24: 1 | I24: 2400 | J24: mg/m² | K24: D1-2 | L24: 1 | M24: 14 | N24: q2w | P24: IV | Q24: 46시간 지속주입 | R24: =IF(N(I24)=0,"",IF(OR(J24="mg/m²",J24="mg/m²/day"),I24*계산기!$C$14,IF(J24="mg/kg",I24*계산기!$C$6,IF(J24="AUC",I24*(계산기!$C$16+25),IF(J24="mg",I24,""))))) -> 4045.7385 | S24: =IF(OR(R24="",L24=""),"",R24*L24) -> 4045.7385
A25: 3-XELOX | B25: 3 | C25: 위암 | D25: XELOX (CapeOx) | E25: P/A | F25: 1차 | G25: Oxaliplatin | H25: 1 | I25: 130 | J25: mg/m² | K25: D1 | L25: 1 | M25: 21 | N25: q3w | P25: IV | R25: =IF(N(I25)=0,"",IF(OR(J25="mg/m²",J25="mg/m²/day"),I25*계산기!$C$14,IF(J25="mg/kg",I25*계산기!$C$6,IF(J25="AUC",I25*(계산기!$C$16+25),IF(J25="mg",I25,""))))) -> 219.14417 | S25: =IF(OR(R25="",L25=""),"",R25*L25) -> 219.14417 | T25: NCCN v2025/허가사항 | U25: NCCN확인
G26: Capecitabine | H26: 1 | I26: 1000 | J26: mg/m² | K26: D1-14 BID | L26: 2 | M26: 21 | N26: q3w | P26: PO | Q26: 1일 2회 | R26: =IF(N(I26)=0,"",IF(OR(J26="mg/m²",J26="mg/m²/day"),I26*계산기!$C$14,IF(J26="mg/kg",I26*계산기!$C$6,IF(J26="AUC",I26*(계산기!$C$16+25),IF(J26="mg",I26,""))))) -> 1685.7244 | S26: =IF(OR(R26="",L26=""),"",R26*L26) -> 3371.4487
A27: 3-Trastuzumab+Ca | B27: 3 | C27: 위암 | D27: Trastuzumab+CapeOx | E27: P | F27: 1차 | G27: Trastuzumab | H27: 2 | I27: 6 | J27: mg/kg | K27: D1 | L27: 1 | M27: 21 | N27: q3w | P27: IV | Q27: HER2+; 초회 8mg/kg | R27: =IF(N(I27)=0,"",IF(OR(J27="mg/m²",J27="mg/m²/day"),I27*계산기!$C$14,IF(J27="mg/kg",I27*계산기!$C$6,IF(J27="AUC",I27*(계산기!$C$16+25),IF(J27="mg",I27,""))))) -> 372 | S27: =IF(OR(R27="",L27=""),"",R27*L27) -> 372 | T27: NCCN v2025/허가사항 | U27: NCCN확인
G28: Capecitabine | H28: 1 | I28: 1000 | J28: mg/m² | K28: D1-14 BID | L28: 2 | M28: 21 | N28: q3w | P28: PO | R28: =IF(N(I28)=0,"",IF(OR(J28="mg/m²",J28="mg/m²/day"),I28*계산기!$C$14,IF(J28="mg/kg",I28*계산기!$C$6,IF(J28="AUC",I28*(계산기!$C$16+25),IF(J28="mg",I28,""))))) -> 1685.7244 | S28: =IF(OR(R28="",L28=""),"",R28*L28) -> 3371.4487
G29: Oxaliplatin | H29: 1 | I29: 130 | J29: mg/m² | K29: D1 | L29: 1 | M29: 21 | N29: q3w | P29: IV | R29: =IF(N(I29)=0,"",IF(OR(J29="mg/m²",J29="mg/m²/day"),I29*계산기!$C$14,IF(J29="mg/kg",I29*계산기!$C$6,IF(J29="AUC",I29*(계산기!$C$16+25),IF(J29="mg",I29,""))))) -> 219.14417 | S29: =IF(OR(R29="",L29=""),"",R29*L29) -> 219.14417
A30: 3-Ramucirumab+Pa | B30: 3 | C30: 위암 | D30: Ramucirumab+Paclitaxel | E30: P | F30: 2차 | G30: Ramucirumab | H30: 2 | I30: 8 | J30: mg/kg | K30: D1,15 | L30: 2 | M30: 28 | N30: q4w | P30: IV | R30: =IF(N(I30)=0,"",IF(OR(J30="mg/m²",J30="mg/m²/day"),I30*계산기!$C$14,IF(J30="mg/kg",I30*계산기!$C$6,IF(J30="AUC",I30*(계산기!$C$16+25),IF(J30="mg",I30,""))))) -> 496 | S30: =IF(OR(R30="",L30=""),"",R30*L30) -> 992 | T30: NCCN v2025/허가사항 | U30: NCCN확인
G31: Paclitaxel | H31: 1 | I31: 80 | J31: mg/m² | K31: D1,8,15 | L31: 3 | M31: 28 | N31: q4w | P31: IV | R31: =IF(N(I31)=0,"",IF(OR(J31="mg/m²",J31="mg/m²/day"),I31*계산기!$C$14,IF(J31="mg/kg",I31*계산기!$C$6,IF(J31="AUC",I31*(계산기!$C$16+25),IF(J31="mg",I31,""))))) -> 134.85795 | S31: =IF(OR(R31="",L31=""),"",R31*L31) -> 404.57385
A32: 4-CROSS | B32: 4 | C32: 식도암 | D32: CROSS (CRT) | E32: N | F32: 수술전 | G32: Paclitaxel | H32: 1 | I32: 50 | J32: mg/m² | K32: weekly | L32: 5 | M32: 7 | N32: weekly | O32: 5 | P32: IV | Q32: 방사선 병용 | R32: =IF(N(I32)=0,"",IF(OR(J32="mg/m²",J32="mg/m²/day"),I32*계산기!$C$14,IF(J32="mg/kg",I32*계산기!$C$6,IF(J32="AUC",I32*(계산기!$C$16+25),IF(J32="mg",I32,""))))) -> 84.286219 | S32: =IF(OR(R32="",L32=""),"",R32*L32) -> 421.43109 | T32: NCCN v2025/허가사항 | U32: NCCN확인
G33: Carboplatin | H33: 1 | I33: 2 | J33: AUC | K33: weekly | L33: 5 | M33: 7 | N33: weekly | O33: 5 | P33: IV | Q33: 방사선 병용 | R33: =IF(N(I33)=0,"",IF(OR(J33="mg/m²",J33="mg/m²/day"),I33*계산기!$C$14,IF(J33="mg/kg",I33*계산기!$C$6,IF(J33="AUC",I33*(계산기!$C$16+25),IF(J33="mg",I33,""))))) -> 203.08642 | S33: =IF(OR(R33="",L33=""),"",R33*L33) -> 1015.4321
A34: 4-FP | B34: 4 | C34: 식도암 | D34: FP (5-FU+Cisplatin) | E34: P/N | F34: 1차 | G34: Fluorouracil | H34: 1 | I34: 1000 | J34: mg/m² | K34: D1-4 | L34: 1 | M34: 28 | N34: q4w | P34: IV | Q34: 지속주입 | R34: =IF(N(I34)=0,"",IF(OR(J34="mg/m²",J34="mg/m²/day"),I34*계산기!$C$14,IF(J34="mg/kg",I34*계산기!$C$6,IF(J34="AUC",I34*(계산기!$C$16+25),IF(J34="mg",I34,""))))) -> 1685.7244 | S34: =IF(OR(R34="",L34=""),"",R34*L34) -> 1685.7244 | T34: NCCN v2025/허가사항 | U34: NCCN확인
G35: Cisplatin | H35: 1 | I35: 75 | J35: mg/m² | K35: D1 | L35: 1 | M35: 28 | N35: q4w | P35: IV | R35: =IF(N(I35)=0,"",IF(OR(J35="mg/m²",J35="mg/m²/day"),I35*계산기!$C$14,IF(J35="mg/kg",I35*계산기!$C$6,IF(J35="AUC",I35*(계산기!$C$16+25),IF(J35="mg",I35,""))))) -> 126.42933 | S35: =IF(OR(R35="",L35=""),"",R35*L35) -> 126.42933
A36: 5-Lenvatinib | B36: 5 | C36: 갑상선암 | D36: Lenvatinib | E36: P | F36: 1차 | G36: Lenvatinib | H36: 2 | I36: 24 | J36: mg | K36: 매일 | L36: 1 | M36: 1 | N36: daily | O36: 연속 | P36: PO | Q36: RAI불응 분화암 | R36: =IF(N(I36)=0,"",IF(OR(J36="mg/m²",J36="mg/m²/day"),I36*계산기!$C$14,IF(J36="mg/kg",I36*계산기!$C$6,IF(J36="AUC",I36*(계산기!$C$16+25),IF(J36="mg",I36,""))))) -> 24 | S36: =IF(OR(R36="",L36=""),"",R36*L36) -> 24 | T36: NCCN v2025/허가사항 | U36: NCCN확인
A37: 5-Sorafenib | B37: 5 | C37: 갑상선암 | D37: Sorafenib | E37: P | F37: 1차 | G37: Sorafenib | H37: 2 | I37: 400 | J37: mg | K37: BID | L37: 2 | M37: 1 | N37: daily | O37: 연속 | P37: PO | R37: =IF(N(I37)=0,"",IF(OR(J37="mg/m²",J37="mg/m²/day"),I37*계산기!$C$14,IF(J37="mg/kg",I37*계산기!$C$6,IF(J37="AUC",I37*(계산기!$C$16+25),IF(J37="mg",I37,""))))) -> 400 | S37: =IF(OR(R37="",L37=""),"",R37*L37) -> 800 | T37: NCCN v2025/허가사항 | U37: NCCN확인
A38: 6-FOLFIRINOX | B38: 6 | C38: 췌장암 | D38: FOLFIRINOX | E38: P/A | F38: 1차 | G38: Oxaliplatin | H38: 1 | I38: 85 | J38: mg/m² | K38: D1 | L38: 1 | M38: 14 | N38: q2w | P38: IV | R38: =IF(N(I38)=0,"",IF(OR(J38="mg/m²",J38="mg/m²/day"),I38*계산기!$C$14,IF(J38="mg/kg",I38*계산기!$C$6,IF(J38="AUC",I38*(계산기!$C$16+25),IF(J38="mg",I38,""))))) -> 143.28657 | S38: =IF(OR(R38="",L38=""),"",R38*L38) -> 143.28657 | T38: NCCN v2025/허가사항 | U38: NCCN확인
G39: Irinotecan | H39: 1 | I39: 180 | J39: mg/m² | K39: D1 | L39: 1 | M39: 14 | N39: q2w | P39: IV | R39: =IF(N(I39)=0,"",IF(OR(J39="mg/m²",J39="mg/m²/day"),I39*계산기!$C$14,IF(J39="mg/kg",I39*계산기!$C$6,IF(J39="AUC",I39*(계산기!$C$16+25),IF(J39="mg",I39,""))))) -> 303.43039 | S39: =IF(OR(R39="",L39=""),"",R39*L39) -> 303.43039
G40: Leucovorin | H40: 1 | I40: 400 | J40: mg/m² | K40: D1 | L40: 1 | M40: 14 | N40: q2w | P40: IV | R40: =IF(N(I40)=0,"",IF(OR(J40="mg/m²",J40="mg/m²/day"),I40*계산기!$C$14,IF(J40="mg/kg",I40*계산기!$C$6,IF(J40="AUC",I40*(계산기!$C$16+25),IF(J40="mg",I40,""))))) -> 674.28975 | S40: =IF(OR(R40="",L40=""),"",R40*L40) -> 674.28975
G41: Fluorouracil(bolus) | H41: 1 | I41: 400 | J41: mg/m² | K41: D1 | L41: 1 | M41: 14 | N41: q2w | P41: IV | R41: =IF(N(I41)=0,"",IF(OR(J41="mg/m²",J41="mg/m²/day"),I41*계산기!$C$14,IF(J41="mg/kg",I41*계산기!$C$6,IF(J41="AUC",I41*(계산기!$C$16+25),IF(J41="mg",I41,""))))) -> 674.28975 | S41: =IF(OR(R41="",L41=""),"",R41*L41) -> 674.28975
G42: Fluorouracil(CI) | H42: 1 | I42: 2400 | J42: mg/m² | K42: D1-2 | L42: 1 | M42: 14 | N42: q2w | P42: IV | Q42: 46시간 | R42: =IF(N(I42)=0,"",IF(OR(J42="mg/m²",J42="mg/m²/day"),I42*계산기!$C$14,IF(J42="mg/kg",I42*계산기!$C$6,IF(J42="AUC",I42*(계산기!$C$16+25),IF(J42="mg",I42,""))))) -> 4045.7385 | S42: =IF(OR(R42="",L42=""),"",R42*L42) -> 4045.7385
A43: 6-Gemcitabine+na | B43: 6 | C43: 췌장암 | D43: Gemcitabine+nab-Paclitaxel | E43: P | F43: 1차 | G43: Gemcitabine | H43: 1 | I43: 1000 | J43: mg/m² | K43: D1,8,15 | L43: 3 | M43: 28 | N43: q4w | P43: IV | R43: =IF(N(I43)=0,"",IF(OR(J43="mg/m²",J43="mg/m²/day"),I43*계산기!$C$14,IF(J43="mg/kg",I43*계산기!$C$6,IF(J43="AUC",I43*(계산기!$C$16+25),IF(J43="mg",I43,""))))) -> 1685.7244 | S43: =IF(OR(R43="",L43=""),"",R43*L43) -> 5057.1731 | T43: NCCN v2025/허가사항 | U43: NCCN확인
G44: nab-Paclitaxel | H44: 1 | I44: 125 | J44: mg/m² | K44: D1,8,15 | L44: 3 | M44: 28 | N44: q4w | P44: IV | R44: =IF(N(I44)=0,"",IF(OR(J44="mg/m²",J44="mg/m²/day"),I44*계산기!$C$14,IF(J44="mg/kg",I44*계산기!$C$6,IF(J44="AUC",I44*(계산기!$C$16+25),IF(J44="mg",I44,""))))) -> 210.71555 | S44: =IF(OR(R44="",L44=""),"",R44*L44) -> 632.14664
A45: 6-Gemcitabine | B45: 6 | C45: 췌장암 | D45: Gemcitabine 단독 | E45: P/A | F45: 1차 | G45: Gemcitabine | H45: 1 | I45: 1000 | J45: mg/m² | K45: weekly | L45: 1 | M45: 7 | N45: weekly | P45: IV | Q45: 7주 후 1주 휴약 등 | R45: =IF(N(I45)=0,"",IF(OR(J45="mg/m²",J45="mg/m²/day"),I45*계산기!$C$14,IF(J45="mg/kg",I45*계산기!$C$6,IF(J45="AUC",I45*(계산기!$C$16+25),IF(J45="mg",I45,""))))) -> 1685.7244 | S45: =IF(OR(R45="",L45=""),"",R45*L45) -> 1685.7244 | T45: NCCN v2025/허가사항 | U45: NCCN확인
A46: 7.1-Atezolizumab+B | B46: 7.1 | C46: 간암 | D46: Atezolizumab+Bevacizumab | E46: P | F46: 1차 | G46: Atezolizumab | H46: 2 | I46: 1200 | J46: mg | K46: D1 | L46: 1 | M46: 21 | N46: q3w | P46: IV | Q46: 고정용량 | R46: =IF(N(I46)=0,"",IF(OR(J46="mg/m²",J46="mg/m²/day"),I46*계산기!$C$14,IF(J46="mg/kg",I46*계산기!$C$6,IF(J46="AUC",I46*(계산기!$C$16+25),IF(J46="mg",I46,""))))) -> 1200 | S46: =IF(OR(R46="",L46=""),"",R46*L46) -> 1200 | T46: NCCN v2025/허가사항 | U46: NCCN확인
G47: Bevacizumab | H47: 2 | I47: 15 | J47: mg/kg | K47: D1 | L47: 1 | M47: 21 | N47: q3w | P47: IV | R47: =IF(N(I47)=0,"",IF(OR(J47="mg/m²",J47="mg/m²/day"),I47*계산기!$C$14,IF(J47="mg/kg",I47*계산기!$C$6,IF(J47="AUC",I47*(계산기!$C$16+25),IF(J47="mg",I47,""))))) -> 930 | S47: =IF(OR(R47="",L47=""),"",R47*L47) -> 930
A48: 7.1-Sorafenib | B48: 7.1 | C48: 간암 | D48: Sorafenib | E48: P | F48: 1차 | G48: Sorafenib | H48: 2 | I48: 400 | J48: mg | K48: BID | L48: 2 | M48: 1 | N48: daily | O48: 연속 | P48: PO | R48: =IF(N(I48)=0,"",IF(OR(J48="mg/m²",J48="mg/m²/day"),I48*계산기!$C$14,IF(J48="mg/kg",I48*계산기!$C$6,IF(J48="AUC",I48*(계산기!$C$16+25),IF(J48="mg",I48,""))))) -> 400 | S48: =IF(OR(R48="",L48=""),"",R48*L48) -> 800 | T48: NCCN v2025/허가사항 | U48: NCCN확인
A49: 7.1-Lenvatinib | B49: 7.1 | C49: 간암 | D49: Lenvatinib | E49: P | F49: 1차 | G49: Lenvatinib | H49: 2 | I49: 12 | J49: mg | K49: 매일 | L49: 1 | M49: 1 | N49: daily | O49: 연속 | P49: PO | Q49: ≥60kg 12mg / <60kg 8mg | R49: =IF(N(I49)=0,"",IF(OR(J49="mg/m²",J49="mg/m²/day"),I49*계산기!$C$14,IF(J49="mg/kg",I49*계산기!$C$6,IF(J49="AUC",I49*(계산기!$C$16+25),IF(J49="mg",I49,""))))) -> 12 | S49: =IF(OR(R49="",L49=""),"",R49*L49) -> 12 | T49: NCCN v2025/허가사항 | U49: NCCN확인
A50: 7.1-Regorafenib | B50: 7.1 | C50: 간암 | D50: Regorafenib | E50: P | F50: 2차 | G50: Regorafenib | H50: 2 | I50: 160 | J50: mg | K50: D1-21 | L50: 1 | M50: 28 | N50: q4w(3주on/1주off) | P50: PO | R50: =IF(N(I50)=0,"",IF(OR(J50="mg/m²",J50="mg/m²/day"),I50*계산기!$C$14,IF(J50="mg/kg",I50*계산기!$C$6,IF(J50="AUC",I50*(계산기!$C$16+25),IF(J50="mg",I50,""))))) -> 160 | S50: =IF(OR(R50="",L50=""),"",R50*L50) -> 160 | T50: NCCN v2025/허가사항 | U50: NCCN확인
A51: 7.2-Gemcitabine+Ci | B51: 7.2 | C51: 담도암 | D51: Gemcitabine+Cisplatin | E51: P | F51: 1차 | G51: Gemcitabine | H51: 1 | I51: 1000 | J51: mg/m² | K51: D1,8 | L51: 2 | M51: 21 | N51: q3w | P51: IV | R51: =IF(N(I51)=0,"",IF(OR(J51="mg/m²",J51="mg/m²/day"),I51*계산기!$C$14,IF(J51="mg/kg",I51*계산기!$C$6,IF(J51="AUC",I51*(계산기!$C$16+25),IF(J51="mg",I51,""))))) -> 1685.7244 | S51: =IF(OR(R51="",L51=""),"",R51*L51) -> 3371.4487 | T51: NCCN v2025/허가사항 | U51: NCCN확인
G52: Cisplatin | H52: 1 | I52: 25 | J52: mg/m² | K52: D1,8 | L52: 2 | M52: 21 | N52: q3w | P52: IV | R52: =IF(N(I52)=0,"",IF(OR(J52="mg/m²",J52="mg/m²/day"),I52*계산기!$C$14,IF(J52="mg/kg",I52*계산기!$C$6,IF(J52="AUC",I52*(계산기!$C$16+25),IF(J52="mg",I52,""))))) -> 42.143109 | S52: =IF(OR(R52="",L52=""),"",R52*L52) -> 84.286219
A53: 7.2-Durvalumab+Gem | B53: 7.2 | C53: 담도암 | D53: Durvalumab+GemCis | E53: P | F53: 1차 | G53: Durvalumab | H53: 2 | I53: 1500 | J53: mg | K53: D1 | L53: 1 | M53: 21 | N53: q3w | P53: IV | Q53: 고정용량 | R53: =IF(N(I53)=0,"",IF(OR(J53="mg/m²",J53="mg/m²/day"),I53*계산기!$C$14,IF(J53="mg/kg",I53*계산기!$C$6,IF(J53="AUC",I53*(계산기!$C$16+25),IF(J53="mg",I53,""))))) -> 1500 | S53: =IF(OR(R53="",L53=""),"",R53*L53) -> 1500 | T53: NCCN v2025/허가사항 | U53: NCCN확인
G54: Gemcitabine | H54: 1 | I54: 1000 | J54: mg/m² | K54: D1,8 | L54: 2 | M54: 21 | N54: q3w | P54: IV | R54: =IF(N(I54)=0,"",IF(OR(J54="mg/m²",J54="mg/m²/day"),I54*계산기!$C$14,IF(J54="mg/kg",I54*계산기!$C$6,IF(J54="AUC",I54*(계산기!$C$16+25),IF(J54="mg",I54,""))))) -> 1685.7244 | S54: =IF(OR(R54="",L54=""),"",R54*L54) -> 3371.4487
G55: Cisplatin | H55: 1 | I55: 25 | J55: mg/m² | K55: D1,8 | L55: 2 | M55: 21 | N55: q3w | P55: IV | R55: =IF(N(I55)=0,"",IF(OR(J55="mg/m²",J55="mg/m²/day"),I55*계산기!$C$14,IF(J55="mg/kg",I55*계산기!$C$6,IF(J55="AUC",I55*(계산기!$C$16+25),IF(J55="mg",I55,""))))) -> 42.143109 | S55: =IF(OR(R55="",L55=""),"",R55*L55) -> 84.286219
A56: 7.2-Pemigatinib | B56: 7.2 | C56: 담도암 | D56: Pemigatinib | E56: P | F56: 2차 이상 | G56: Pemigatinib | H56: 2 | I56: 13.5 | J56: mg | K56: D1-14 | L56: 1 | M56: 21 | N56: q3w(2주on/1주off) | P56: PO | Q56: FGFR2 융합/재배열 | R56: =IF(N(I56)=0,"",IF(OR(J56="mg/m²",J56="mg/m²/day"),I56*계산기!$C$14,IF(J56="mg/kg",I56*계산기!$C$6,IF(J56="AUC",I56*(계산기!$C$16+25),IF(J56="mg",I56,""))))) -> 13.5 | S56: =IF(OR(R56="",L56=""),"",R56*L56) -> 13.5 | T56: NCCN v2025/허가사항 | U56: NCCN확인
A57: 8-mFOLFOX6 | B57: 8 | C57: 직결장암 | D57: mFOLFOX6 | E57: P/A | F57: 1차 | G57: Oxaliplatin | H57: 1 | I57: 85 | J57: mg/m² | K57: D1 | L57: 1 | M57: 14 | N57: q2w | P57: IV | R57: =IF(N(I57)=0,"",IF(OR(J57="mg/m²",J57="mg/m²/day"),I57*계산기!$C$14,IF(J57="mg/kg",I57*계산기!$C$6,IF(J57="AUC",I57*(계산기!$C$16+25),IF(J57="mg",I57,""))))) -> 143.28657 | S57: =IF(OR(R57="",L57=""),"",R57*L57) -> 143.28657 | T57: NCCN v2025/허가사항 | U57: NCCN확인
G58: Leucovorin | H58: 1 | I58: 400 | J58: mg/m² | K58: D1 | L58: 1 | M58: 14 | N58: q2w | P58: IV | R58: =IF(N(I58)=0,"",IF(OR(J58="mg/m²",J58="mg/m²/day"),I58*계산기!$C$14,IF(J58="mg/kg",I58*계산기!$C$6,IF(J58="AUC",I58*(계산기!$C$16+25),IF(J58="mg",I58,""))))) -> 674.28975 | S58: =IF(OR(R58="",L58=""),"",R58*L58) -> 674.28975
G59: Fluorouracil(bolus) | H59: 1 | I59: 400 | J59: mg/m² | K59: D1 | L59: 1 | M59: 14 | N59: q2w | P59: IV | R59: =IF(N(I59)=0,"",IF(OR(J59="mg/m²",J59="mg/m²/day"),I59*계산기!$C$14,IF(J59="mg/kg",I59*계산기!$C$6,IF(J59="AUC",I59*(계산기!$C$16+25),IF(J59="mg",I59,""))))) -> 674.28975 | S59: =IF(OR(R59="",L59=""),"",R59*L59) -> 674.28975
G60: Fluorouracil(CI) | H60: 1 | I60: 2400 | J60: mg/m² | K60: D1-2 | L60: 1 | M60: 14 | N60: q2w | P60: IV | Q60: 46시간 | R60: =IF(N(I60)=0,"",IF(OR(J60="mg/m²",J60="mg/m²/day"),I60*계산기!$C$14,IF(J60="mg/kg",I60*계산기!$C$6,IF(J60="AUC",I60*(계산기!$C$16+25),IF(J60="mg",I60,""))))) -> 4045.7385 | S60: =IF(OR(R60="",L60=""),"",R60*L60) -> 4045.7385
A61: 8-FOLFIRI | B61: 8 | C61: 직결장암 | D61: FOLFIRI | E61: P | F61: 1차 이상 | G61: Irinotecan | H61: 1 | I61: 180 | J61: mg/m² | K61: D1 | L61: 1 | M61: 14 | N61: q2w | P61: IV | R61: =IF(N(I61)=0,"",IF(OR(J61="mg/m²",J61="mg/m²/day"),I61*계산기!$C$14,IF(J61="mg/kg",I61*계산기!$C$6,IF(J61="AUC",I61*(계산기!$C$16+25),IF(J61="mg",I61,""))))) -> 303.43039 | S61: =IF(OR(R61="",L61=""),"",R61*L61) -> 303.43039 | T61: NCCN v2025/허가사항 | U61: NCCN확인
G62: Leucovorin | H62: 1 | I62: 400 | J62: mg/m² | K62: D1 | L62: 1 | M62: 14 | N62: q2w | P62: IV | R62: =IF(N(I62)=0,"",IF(OR(J62="mg/m²",J62="mg/m²/day"),I62*계산기!$C$14,IF(J62="mg/kg",I62*계산기!$C$6,IF(J62="AUC",I62*(계산기!$C$16+25),IF(J62="mg",I62,""))))) -> 674.28975 | S62: =IF(OR(R62="",L62=""),"",R62*L62) -> 674.28975
G63: Fluorouracil(bolus) | H63: 1 | I63: 400 | J63: mg/m² | K63: D1 | L63: 1 | M63: 14 | N63: q2w | P63: IV | R63: =IF(N(I63)=0,"",IF(OR(J63="mg/m²",J63="mg/m²/day"),I63*계산기!$C$14,IF(J63="mg/kg",I63*계산기!$C$6,IF(J63="AUC",I63*(계산기!$C$16+25),IF(J63="mg",I63,""))))) -> 674.28975 | S63: =IF(OR(R63="",L63=""),"",R63*L63) -> 674.28975
G64: Fluorouracil(CI) | H64: 1 | I64: 2400 | J64: mg/m² | K64: D1-2 | L64: 1 | M64: 14 | N64: q2w | P64: IV | Q64: 46시간 | R64: =IF(N(I64)=0,"",IF(OR(J64="mg/m²",J64="mg/m²/day"),I64*계산기!$C$14,IF(J64="mg/kg",I64*계산기!$C$6,IF(J64="AUC",I64*(계산기!$C$16+25),IF(J64="mg",I64,""))))) -> 4045.7385 | S64: =IF(OR(R64="",L64=""),"",R64*L64) -> 4045.7385
A65: 8-Bevacizumab+FO | B65: 8 | C65: 직결장암 | D65: Bevacizumab+FOLFOX | E65: P | F65: 1차 | G65: Bevacizumab | H65: 2 | I65: 5 | J65: mg/kg | K65: D1 | L65: 1 | M65: 14 | N65: q2w | P65: IV | R65: =IF(N(I65)=0,"",IF(OR(J65="mg/m²",J65="mg/m²/day"),I65*계산기!$C$14,IF(J65="mg/kg",I65*계산기!$C$6,IF(J65="AUC",I65*(계산기!$C$16+25),IF(J65="mg",I65,""))))) -> 310 | S65: =IF(OR(R65="",L65=""),"",R65*L65) -> 310 | T65: NCCN v2025/허가사항 | U65: NCCN확인
G66: Oxaliplatin | H66: 1 | I66: 85 | J66: mg/m² | K66: D1 | L66: 1 | M66: 14 | N66: q2w | P66: IV | R66: =IF(N(I66)=0,"",IF(OR(J66="mg/m²",J66="mg/m²/day"),I66*계산기!$C$14,IF(J66="mg/kg",I66*계산기!$C$6,IF(J66="AUC",I66*(계산기!$C$16+25),IF(J66="mg",I66,""))))) -> 143.28657 | S66: =IF(OR(R66="",L66=""),"",R66*L66) -> 143.28657
G67: Leucovorin | H67: 1 | I67: 400 | J67: mg/m² | K67: D1 | L67: 1 | M67: 14 | N67: q2w | P67: IV | R67: =IF(N(I67)=0,"",IF(OR(J67="mg/m²",J67="mg/m²/day"),I67*계산기!$C$14,IF(J67="mg/kg",I67*계산기!$C$6,IF(J67="AUC",I67*(계산기!$C$16+25),IF(J67="mg",I67,""))))) -> 674.28975 | S67: =IF(OR(R67="",L67=""),"",R67*L67) -> 674.28975
G68: Fluorouracil(CI) | H68: 1 | I68: 2400 | J68: mg/m² | K68: D1-2 | L68: 1 | M68: 14 | N68: q2w | P68: IV | R68: =IF(N(I68)=0,"",IF(OR(J68="mg/m²",J68="mg/m²/day"),I68*계산기!$C$14,IF(J68="mg/kg",I68*계산기!$C$6,IF(J68="AUC",I68*(계산기!$C$16+25),IF(J68="mg",I68,""))))) -> 4045.7385 | S68: =IF(OR(R68="",L68=""),"",R68*L68) -> 4045.7385
A69: 8-Cetuximab+FOLF | B69: 8 | C69: 직결장암 | D69: Cetuximab+FOLFIRI | E69: P | F69: 1차 | G69: Cetuximab | H69: 2 | I69: 250 | J69: mg/m² | K69: weekly | L69: 1 | M69: 7 | N69: weekly | P69: IV | Q69: RAS WT; 초회 400mg/m² | R69: =IF(N(I69)=0,"",IF(OR(J69="mg/m²",J69="mg/m²/day"),I69*계산기!$C$14,IF(J69="mg/kg",I69*계산기!$C$6,IF(J69="AUC",I69*(계산기!$C$16+25),IF(J69="mg",I69,""))))) -> 421.43109 | S69: =IF(OR(R69="",L69=""),"",R69*L69) -> 421.43109 | T69: NCCN v2025/허가사항 | U69: NCCN확인
G70: Irinotecan | H70: 1 | I70: 180 | J70: mg/m² | K70: D1 | L70: 1 | M70: 14 | N70: q2w | P70: IV | R70: =IF(N(I70)=0,"",IF(OR(J70="mg/m²",J70="mg/m²/day"),I70*계산기!$C$14,IF(J70="mg/kg",I70*계산기!$C$6,IF(J70="AUC",I70*(계산기!$C$16+25),IF(J70="mg",I70,""))))) -> 303.43039 | S70: =IF(OR(R70="",L70=""),"",R70*L70) -> 303.43039
A71: 8-Trifluridine/T | B71: 8 | C71: 직결장암 | D71: Trifluridine/Tipiracil (TAS-102) | E71: P/S | F71: 3차 이상 | G71: Trifluridine/Tipiracil | H71: 1 | I71: 35 | J71: mg/m² | K71: D1-5,8-12 BID | L71: 10 | M71: 28 | N71: q4w | P71: PO | Q71: 1회 최대 80mg | R71: =IF(N(I71)=0,"",IF(OR(J71="mg/m²",J71="mg/m²/day"),I71*계산기!$C$14,IF(J71="mg/kg",I71*계산기!$C$6,IF(J71="AUC",I71*(계산기!$C$16+25),IF(J71="mg",I71,""))))) -> 59.000353 | S71: =IF(OR(R71="",L71=""),"",R71*L71) -> 590.00353 | T71: NCCN v2025/허가사항 | U71: NCCN확인
A72: 9-AC | B72: 9 | C72: 유방암 | D72: AC | E72: N/A | F72: 수술전후 | G72: Doxorubicin | H72: 1 | I72: 60 | J72: mg/m² | K72: D1 | L72: 1 | M72: 21 | N72: q3w | O72: 4 | P72: IV | R72: =IF(N(I72)=0,"",IF(OR(J72="mg/m²",J72="mg/m²/day"),I72*계산기!$C$14,IF(J72="mg/kg",I72*계산기!$C$6,IF(J72="AUC",I72*(계산기!$C$16+25),IF(J72="mg",I72,""))))) -> 101.14346 | S72: =IF(OR(R72="",L72=""),"",R72*L72) -> 101.14346 | T72: NCCN v2025/허가사항 | U72: NCCN확인
G73: Cyclophosphamide | H73: 1 | I73: 600 | J73: mg/m² | K73: D1 | L73: 1 | M73: 21 | N73: q3w | O73: 4 | P73: IV | R73: =IF(N(I73)=0,"",IF(OR(J73="mg/m²",J73="mg/m²/day"),I73*계산기!$C$14,IF(J73="mg/kg",I73*계산기!$C$6,IF(J73="AUC",I73*(계산기!$C$16+25),IF(J73="mg",I73,""))))) -> 1011.4346 | S73: =IF(OR(R73="",L73=""),"",R73*L73) -> 1011.4346
A74: 9-Paclitaxel | B74: 9 | C74: 유방암 | D74: Paclitaxel (weekly) | E74: N/A | F74: 수술전후 | G74: Paclitaxel | H74: 1 | I74: 80 | J74: mg/m² | K74: weekly | L74: 1 | M74: 7 | N74: weekly | O74: 12 | P74: IV | Q74: AC 후 순차 | R74: =IF(N(I74)=0,"",IF(OR(J74="mg/m²",J74="mg/m²/day"),I74*계산기!$C$14,IF(J74="mg/kg",I74*계산기!$C$6,IF(J74="AUC",I74*(계산기!$C$16+25),IF(J74="mg",I74,""))))) -> 134.85795 | S74: =IF(OR(R74="",L74=""),"",R74*L74) -> 134.85795 | T74: NCCN v2025/허가사항 | U74: NCCN확인
A75: 9-Docetaxel+Cycl | B75: 9 | C75: 유방암 | D75: Docetaxel+Cyclophosphamide (TC) | E75: A | F75: 수술후 | G75: Docetaxel | H75: 1 | I75: 75 | J75: mg/m² | K75: D1 | L75: 1 | M75: 21 | N75: q3w | O75: 4 | P75: IV | R75: =IF(N(I75)=0,"",IF(OR(J75="mg/m²",J75="mg/m²/day"),I75*계산기!$C$14,IF(J75="mg/kg",I75*계산기!$C$6,IF(J75="AUC",I75*(계산기!$C$16+25),IF(J75="mg",I75,""))))) -> 126.42933 | S75: =IF(OR(R75="",L75=""),"",R75*L75) -> 126.42933 | T75: NCCN v2025/허가사항 | U75: NCCN확인
G76: Cyclophosphamide | H76: 1 | I76: 600 | J76: mg/m² | K76: D1 | L76: 1 | M76: 21 | N76: q3w | O76: 4 | P76: IV | R76: =IF(N(I76)=0,"",IF(OR(J76="mg/m²",J76="mg/m²/day"),I76*계산기!$C$14,IF(J76="mg/kg",I76*계산기!$C$6,IF(J76="AUC",I76*(계산기!$C$16+25),IF(J76="mg",I76,""))))) -> 1011.4346 | S76: =IF(OR(R76="",L76=""),"",R76*L76) -> 1011.4346
A77: 9-THP | B77: 9 | C77: 유방암 | D77: THP (Docetaxel+Trastuzumab+Pertuzumab) | E77: N/P | F77: HER2+ | G77: Docetaxel | H77: 1 | I77: 75 | J77: mg/m² | K77: D1 | L77: 1 | M77: 21 | N77: q3w | P77: IV | R77: =IF(N(I77)=0,"",IF(OR(J77="mg/m²",J77="mg/m²/day"),I77*계산기!$C$14,IF(J77="mg/kg",I77*계산기!$C$6,IF(J77="AUC",I77*(계산기!$C$16+25),IF(J77="mg",I77,""))))) -> 126.42933 | S77: =IF(OR(R77="",L77=""),"",R77*L77) -> 126.42933 | T77: NCCN v2025/허가사항 | U77: NCCN확인
G78: Trastuzumab | H78: 2 | I78: 6 | J78: mg/kg | K78: D1 | L78: 1 | M78: 21 | N78: q3w | P78: IV | Q78: 초회 8mg/kg | R78: =IF(N(I78)=0,"",IF(OR(J78="mg/m²",J78="mg/m²/day"),I78*계산기!$C$14,IF(J78="mg/kg",I78*계산기!$C$6,IF(J78="AUC",I78*(계산기!$C$16+25),IF(J78="mg",I78,""))))) -> 372 | S78: =IF(OR(R78="",L78=""),"",R78*L78) -> 372
G79: Pertuzumab | H79: 2 | I79: 420 | J79: mg | K79: D1 | L79: 1 | M79: 21 | N79: q3w | P79: IV | Q79: 초회 840mg 고정 | R79: =IF(N(I79)=0,"",IF(OR(J79="mg/m²",J79="mg/m²/day"),I79*계산기!$C$14,IF(J79="mg/kg",I79*계산기!$C$6,IF(J79="AUC",I79*(계산기!$C$16+25),IF(J79="mg",I79,""))))) -> 420 | S79: =IF(OR(R79="",L79=""),"",R79*L79) -> 420
A80: 9-Palbociclib+AI | B80: 9 | C80: 유방암 | D80: Palbociclib+AI | E80: P | F80: HR+/HER2- | G80: Palbociclib | H80: 2 | I80: 125 | J80: mg | K80: D1-21 | L80: 1 | M80: 28 | N80: q4w(3주on/1주off) | P80: PO | R80: =IF(N(I80)=0,"",IF(OR(J80="mg/m²",J80="mg/m²/day"),I80*계산기!$C$14,IF(J80="mg/kg",I80*계산기!$C$6,IF(J80="AUC",I80*(계산기!$C$16+25),IF(J80="mg",I80,""))))) -> 125 | S80: =IF(OR(R80="",L80=""),"",R80*L80) -> 125 | T80: NCCN v2025/허가사항 | U80: NCCN확인
G81: Letrozole | H81: 1 | I81: 2.5 | J81: mg | K81: 매일 | L81: 1 | M81: 1 | N81: daily | O81: 연속 | P81: PO | Q81: 내분비요법 병용 | R81: =IF(N(I81)=0,"",IF(OR(J81="mg/m²",J81="mg/m²/day"),I81*계산기!$C$14,IF(J81="mg/kg",I81*계산기!$C$6,IF(J81="AUC",I81*(계산기!$C$16+25),IF(J81="mg",I81,""))))) -> 2.5 | S81: =IF(OR(R81="",L81=""),"",R81*L81) -> 2.5
A82: 9-Trastuzumab | B82: 9 | C82: 유방암 | D82: Trastuzumab deruxtecan (T-DXd) | E82: P | F82: HER2+ 2차 이상 | G82: Trastuzumab deruxtecan | H82: 2 | I82: 5.4 | J82: mg/kg | K82: D1 | L82: 1 | M82: 21 | N82: q3w | P82: IV | R82: =IF(N(I82)=0,"",IF(OR(J82="mg/m²",J82="mg/m²/day"),I82*계산기!$C$14,IF(J82="mg/kg",I82*계산기!$C$6,IF(J82="AUC",I82*(계산기!$C$16+25),IF(J82="mg",I82,""))))) -> 334.8 | S82: =IF(OR(R82="",L82=""),"",R82*L82) -> 334.8 | T82: NCCN v2025/허가사항 | U82: NCCN확인
A83: 9-Capecitabine | B83: 9 | C83: 유방암 | D83: Capecitabine 단독 | E83: P | F83: 전이 | G83: Capecitabine | H83: 1 | I83: 1250 | J83: mg/m² | K83: D1-14 BID | L83: 2 | M83: 21 | N83: q3w | P83: PO | R83: =IF(N(I83)=0,"",IF(OR(J83="mg/m²",J83="mg/m²/day"),I83*계산기!$C$14,IF(J83="mg/kg",I83*계산기!$C$6,IF(J83="AUC",I83*(계산기!$C$16+25),IF(J83="mg",I83,""))))) -> 2107.1555 | S83: =IF(OR(R83="",L83=""),"",R83*L83) -> 4214.3109 | T83: NCCN v2025/허가사항 | U83: NCCN확인
A84: 9-Eribulin | B84: 9 | C84: 유방암 | D84: Eribulin | E84: P | F84: 전이 2차 이상 | G84: Eribulin | H84: 2 | I84: 1.4 | J84: mg/m² | K84: D1,8 | L84: 2 | M84: 21 | N84: q3w | P84: IV | R84: =IF(N(I84)=0,"",IF(OR(J84="mg/m²",J84="mg/m²/day"),I84*계산기!$C$14,IF(J84="mg/kg",I84*계산기!$C$6,IF(J84="AUC",I84*(계산기!$C$16+25),IF(J84="mg",I84,""))))) -> 2.3600141 | S84: =IF(OR(R84="",L84=""),"",R84*L84) -> 4.7200282 | T84: NCCN v2025/허가사항 | U84: NCCN확인
A85: 10-Paclitaxel+Car | B85: 10 | C85: 난소암/난관암/일차복막암 | D85: Paclitaxel+Carboplatin | E85: A/P | F85: 1차 | G85: Paclitaxel | H85: 1 | I85: 175 | J85: mg/m² | K85: D1 | L85: 1 | M85: 21 | N85: q3w | O85: 6 | P85: IV | R85: =IF(N(I85)=0,"",IF(OR(J85="mg/m²",J85="mg/m²/day"),I85*계산기!$C$14,IF(J85="mg/kg",I85*계산기!$C$6,IF(J85="AUC",I85*(계산기!$C$16+25),IF(J85="mg",I85,""))))) -> 295.00177 | S85: =IF(OR(R85="",L85=""),"",R85*L85) -> 295.00177 | T85: NCCN v2025/허가사항 | U85: NCCN확인
G86: Carboplatin | H86: 1 | I86: 5 | J86: AUC | K86: D1 | L86: 1 | M86: 21 | N86: q3w | O86: 6 | P86: IV | Q86: AUC 5-6 | R86: =IF(N(I86)=0,"",IF(OR(J86="mg/m²",J86="mg/m²/day"),I86*계산기!$C$14,IF(J86="mg/kg",I86*계산기!$C$6,IF(J86="AUC",I86*(계산기!$C$16+25),IF(J86="mg",I86,""))))) -> 507.71605 | S86: =IF(OR(R86="",L86=""),"",R86*L86) -> 507.71605
A87: 10-Olaparib | B87: 10 | C87: 난소암/난관암/일차복막암 | D87: Olaparib 유지 | E87: 유지 | F87: BRCA변이 | G87: Olaparib | H87: 2 | I87: 300 | J87: mg | K87: BID | L87: 2 | M87: 1 | N87: daily | O87: 연속 | P87: PO | Q87: 정제 | R87: =IF(N(I87)=0,"",IF(OR(J87="mg/m²",J87="mg/m²/day"),I87*계산기!$C$14,IF(J87="mg/kg",I87*계산기!$C$6,IF(J87="AUC",I87*(계산기!$C$16+25),IF(J87="mg",I87,""))))) -> 300 | S87: =IF(OR(R87="",L87=""),"",R87*L87) -> 600 | T87: NCCN v2025/허가사항 | U87: NCCN확인
A88: 10-Niraparib | B88: 10 | C88: 난소암/난관암/일차복막암 | D88: Niraparib 유지 | E88: 유지 | F88: 1차 후 | G88: Niraparib | H88: 2 | I88: 200 | J88: mg | K88: 매일 | L88: 1 | M88: 1 | N88: daily | O88: 연속 | P88: PO | Q88: 체중·혈소판 따라 200-300mg | R88: =IF(N(I88)=0,"",IF(OR(J88="mg/m²",J88="mg/m²/day"),I88*계산기!$C$14,IF(J88="mg/kg",I88*계산기!$C$6,IF(J88="AUC",I88*(계산기!$C$16+25),IF(J88="mg",I88,""))))) -> 200 | S88: =IF(OR(R88="",L88=""),"",R88*L88) -> 200 | T88: NCCN v2025/허가사항 | U88: NCCN확인
A89: 10-Liposomal | B89: 10 | C89: 난소암/난관암/일차복막암 | D89: Liposomal Doxorubicin | E89: P | F89: 재발 | G89: Liposomal Doxorubicin | H89: 1 | I89: 40 | J89: mg/m² | K89: D1 | L89: 1 | M89: 28 | N89: q4w | P89: IV | Q89: 40-50 | R89: =IF(N(I89)=0,"",IF(OR(J89="mg/m²",J89="mg/m²/day"),I89*계산기!$C$14,IF(J89="mg/kg",I89*계산기!$C$6,IF(J89="AUC",I89*(계산기!$C$16+25),IF(J89="mg",I89,""))))) -> 67.428975 | S89: =IF(OR(R89="",L89=""),"",R89*L89) -> 67.428975 | T89: NCCN v2025/허가사항 | U89: NCCN확인
A90: 11-Cisplatin | B90: 11 | C90: 자궁경부암 | D90: Cisplatin (CCRT) | E90: - | F90: 동시화학방사선 | G90: Cisplatin | H90: 1 | I90: 40 | J90: mg/m² | K90: weekly | L90: 1 | M90: 7 | N90: weekly | O90: 6 | P90: IV | Q90: 주 1회, 최대 70mg | R90: =IF(N(I90)=0,"",IF(OR(J90="mg/m²",J90="mg/m²/day"),I90*계산기!$C$14,IF(J90="mg/kg",I90*계산기!$C$6,IF(J90="AUC",I90*(계산기!$C$16+25),IF(J90="mg",I90,""))))) -> 67.428975 | S90: =IF(OR(R90="",L90=""),"",R90*L90) -> 67.428975 | T90: NCCN v2025/허가사항 | U90: NCCN확인
A91: 11-Paclitaxel+Cis | B91: 11 | C91: 자궁경부암 | D91: Paclitaxel+Cisplatin+Bevacizumab | E91: P | F91: 전이/재발 | G91: Paclitaxel | H91: 1 | I91: 175 | J91: mg/m² | K91: D1 | L91: 1 | M91: 21 | N91: q3w | P91: IV | R91: =IF(N(I91)=0,"",IF(OR(J91="mg/m²",J91="mg/m²/day"),I91*계산기!$C$14,IF(J91="mg/kg",I91*계산기!$C$6,IF(J91="AUC",I91*(계산기!$C$16+25),IF(J91="mg",I91,""))))) -> 295.00177 | S91: =IF(OR(R91="",L91=""),"",R91*L91) -> 295.00177 | T91: NCCN/허가사항 | U91: 검증필요
G92: Cisplatin | H92: 1 | I92: 50 | J92: mg/m² | K92: D1 | L92: 1 | M92: 21 | N92: q3w | P92: IV | R92: =IF(N(I92)=0,"",IF(OR(J92="mg/m²",J92="mg/m²/day"),I92*계산기!$C$14,IF(J92="mg/kg",I92*계산기!$C$6,IF(J92="AUC",I92*(계산기!$C$16+25),IF(J92="mg",I92,""))))) -> 84.286219 | S92: =IF(OR(R92="",L92=""),"",R92*L92) -> 84.286219
G93: Bevacizumab | H93: 2 | I93: 15 | J93: mg/kg | K93: D1 | L93: 1 | M93: 21 | N93: q3w | P93: IV | R93: =IF(N(I93)=0,"",IF(OR(J93="mg/m²",J93="mg/m²/day"),I93*계산기!$C$14,IF(J93="mg/kg",I93*계산기!$C$6,IF(J93="AUC",I93*(계산기!$C$16+25),IF(J93="mg",I93,""))))) -> 930 | S93: =IF(OR(R93="",L93=""),"",R93*L93) -> 930
A94: 12-Carboplatin+Pa | B94: 12 | C94: 자궁암 | D94: Carboplatin+Paclitaxel | E94: A/P | F94: 1차 | G94: Carboplatin | H94: 1 | I94: 5 | J94: AUC | K94: D1 | L94: 1 | M94: 21 | N94: q3w | O94: 6 | P94: IV | Q94: AUC 5-6 | R94: =IF(N(I94)=0,"",IF(OR(J94="mg/m²",J94="mg/m²/day"),I94*계산기!$C$14,IF(J94="mg/kg",I94*계산기!$C$6,IF(J94="AUC",I94*(계산기!$C$16+25),IF(J94="mg",I94,""))))) -> 507.71605 | S94: =IF(OR(R94="",L94=""),"",R94*L94) -> 507.71605 | T94: NCCN/허가사항 | U94: 검증필요
G95: Paclitaxel | H95: 1 | I95: 175 | J95: mg/m² | K95: D1 | L95: 1 | M95: 21 | N95: q3w | O95: 6 | P95: IV | R95: =IF(N(I95)=0,"",IF(OR(J95="mg/m²",J95="mg/m²/day"),I95*계산기!$C$14,IF(J95="mg/kg",I95*계산기!$C$6,IF(J95="AUC",I95*(계산기!$C$16+25),IF(J95="mg",I95,""))))) -> 295.00177 | S95: =IF(OR(R95="",L95=""),"",R95*L95) -> 295.00177
A96: 12-Lenvatinib+Pem | B96: 12 | C96: 자궁암 | D96: Lenvatinib+Pembrolizumab | E96: P | F96: 2차 | G96: Lenvatinib | H96: 2 | I96: 20 | J96: mg | K96: 매일 | L96: 1 | M96: 1 | N96: daily | O96: 연속 | P96: PO | Q96: pMMR | R96: =IF(N(I96)=0,"",IF(OR(J96="mg/m²",J96="mg/m²/day"),I96*계산기!$C$14,IF(J96="mg/kg",I96*계산기!$C$6,IF(J96="AUC",I96*(계산기!$C$16+25),IF(J96="mg",I96,""))))) -> 20 | S96: =IF(OR(R96="",L96=""),"",R96*L96) -> 20 | T96: NCCN/허가사항 | U96: 검증필요
G97: Pembrolizumab | H97: 2 | I97: 200 | J97: mg | K97: D1 | L97: 1 | M97: 21 | N97: q3w | P97: IV | Q97: 고정용량 | R97: =IF(N(I97)=0,"",IF(OR(J97="mg/m²",J97="mg/m²/day"),I97*계산기!$C$14,IF(J97="mg/kg",I97*계산기!$C$6,IF(J97="AUC",I97*(계산기!$C$16+25),IF(J97="mg",I97,""))))) -> 200 | S97: =IF(OR(R97="",L97=""),"",R97*L97) -> 200
A98: 12-Dostarlimab | B98: 12 | C98: 자궁암 | D98: Dostarlimab | E98: P | F98: dMMR | G98: Dostarlimab | H98: 2 | I98: 500 | J98: mg | K98: D1 | L98: 1 | M98: 21 | N98: q3w | O98: 4 | P98: IV | Q98: 이후 1000mg q6w | R98: =IF(N(I98)=0,"",IF(OR(J98="mg/m²",J98="mg/m²/day"),I98*계산기!$C$14,IF(J98="mg/kg",I98*계산기!$C$6,IF(J98="AUC",I98*(계산기!$C$16+25),IF(J98="mg",I98,""))))) -> 500 | S98: =IF(OR(R98="",L98=""),"",R98*L98) -> 500 | T98: NCCN/허가사항 | U98: 검증필요
A99: 13-Sunitinib | B99: 13 | C99: 신장암 | D99: Sunitinib | E99: P | F99: 1차 | G99: Sunitinib | H99: 2 | I99: 50 | J99: mg | K99: D1-28 | L99: 1 | M99: 42 | N99: q6w(4주on/2주off) | P99: PO | R99: =IF(N(I99)=0,"",IF(OR(J99="mg/m²",J99="mg/m²/day"),I99*계산기!$C$14,IF(J99="mg/kg",I99*계산기!$C$6,IF(J99="AUC",I99*(계산기!$C$16+25),IF(J99="mg",I99,""))))) -> 50 | S99: =IF(OR(R99="",L99=""),"",R99*L99) -> 50 | T99: NCCN v2025/허가사항 | U99: NCCN확인
A100: 13-Pazopanib | B100: 13 | C100: 신장암 | D100: Pazopanib | E100: P | F100: 1차 | G100: Pazopanib | H100: 2 | I100: 800 | J100: mg | K100: 매일 | L100: 1 | M100: 1 | N100: daily | O100: 연속 | P100: PO | R100: =IF(N(I100)=0,"",IF(OR(J100="mg/m²",J100="mg/m²/day"),I100*계산기!$C$14,IF(J100="mg/kg",I100*계산기!$C$6,IF(J100="AUC",I100*(계산기!$C$16+25),IF(J100="mg",I100,""))))) -> 800 | S100: =IF(OR(R100="",L100=""),"",R100*L100) -> 800 | T100: NCCN v2025/허가사항 | U100: NCCN확인
...

Sheet 암종분류
B2: HIRA 공고 '주요 암종별 항암요법' 분류 (공고 제2025-210호 목차 기준)
B4: 암종번호 | C4: 암종명 | D4: DB수록
B5: 1 | C5: 소세포폐암 | D5: ○
B6: 2 | C6: 비소세포폐암 | D6: ○
B7: 3 | C7: 위암 | D7: ○
B8: 4 | C8: 식도암 | D8: ○
B9: 5 | C9: 갑상선암 | D9: ○
B10: 6 | C10: 췌장암 | D10: ○
B11: 7-1 | C11: 간암 | D11: ○
B12: 7-2 | C12: 담도암 | D12: ○
B13: 8 | C13: 직결장암 | D13: ○
B14: 9 | C14: 유방암 | D14: ○
B15: 10 | C15: 난소암/난관암/일차복막암 | D15: ○
... B46: 40 | C46: 기타 항암제 병용요법(기존 항암요법 본인일부부담) | D46: –
C48: ○=v1 수록 / –=차기 확장 대상

Sheet 약제군_2군
B2: 2군 항암제 색인 (암질환심의위원회 지정) — 일반원칙 발췌
B3: 2군=투여대상·투여단계·투여요법이 공고에 명시된 약제. 미수록 성분은 1군(허가범위 내 의학적 판단 사용).
B5: 성분명 | C5: 관련 공고
B6: abemaciclib | C6: 제2020-155호
B7: abiraterone acetate | C7: 제2018-103호
B8: afatinib | C8: 제2014-187호
B9: alectinib | C9: 제2017-213호
B10: apalutamide | C10: 제2023-84호
B11: atezolizumab | C11: 제2018-10호
B12: avelumab | C12: 제2020-255호
B13: axitinib | C13: 제2018-162호
B14: bendamustine | C14: 제2018-210호
B15: bevacizumab | C15: 제2014-15호
B16: blinatumomab | C16: 제2016-259호
... B69: zanubrutinib | C69: 제2023-128호

Sheet 키트루다_적응증
B2: 키트루다(pembrolizumab) 국내 급여 적응증 — 13개 암종
B3: 용법용량(전 적응증 공통): 200mg IV q3w 또는 400mg IV q6w 고정용량 (체표면적·체중 무관). 급여인정기간 일반원칙: 1년(질병진행 시 중단), 임상결과 미발표 시 최대 2년 자동연장.
B4: 기존 급여 4종(폐·흑색종·호지킨·요로상피) + 2025년 제1차 암질심 신규 7개암종 11적응증(공고개정 2025-256호 계열, 2026.1.1 시행) 반영.
B6: 연번 | C6: 암종 | D6: 투여대상(바이오마커/병기) | E6: 투여단계 | F6: 병용요법 | G6: 근거시험 | H6: 급여구분 | I6: 검증
B7: 1 | C7: 비소세포폐암 | D7: PD-L1 TPS≥50%, EGFR/ALK 음성 | E7: 1차 | F7: 단독 | G7: KEYNOTE-024 | H7: 기존급여 | I7: 공고확인
B8: 1 | C8: 비소세포폐암 | D8: 전이성 비편평/편평 | E8: 1차 | F8: pemetrexed 또는 paclitaxel+백금 | G8: KEYNOTE-189/407 | H8: 기존급여 | I8: 공고확인
B9: 1 | C9: 비소세포폐암 | D9: PD-L1 TPS≥1% | E9: 2차 이상 | F9: 단독 | G9: KEYNOTE-010 | H9: 기존급여 | I9: 공고확인
B10: 2 | C10: 악성흑색종 | D10: 수술불가/전이성, PD-1/L1 naive | E10: 1차 이상 | F10: 단독 | G10: KEYNOTE-006 | H10: 기존급여 | I10: 공고확인
B11: 3 | C11: 호지킨림프종 | D11: 재발성 또는 불응성 cHL | E11: 2차 이상 | F11: 단독 | G11: KEYNOTE-204 | H11: 기존급여 | I11: 공고확인
B12: 4 | C12: 요로상피암 | D12: 백금 후 진행 또는 cisplatin 부적격 | E12: 2차/1차 | F12: 단독 | G12: KEYNOTE-045/052 | H12: 기존급여 | I12: 공고확인
B13: 5 | C13: 위/위식도접합부암 | D13: HER2+ & PD-L1 CPS≥1, 수술불가 국소진행/전이 | E13: 1차 | F13: trastuzumab+fluoropyrimidine+백금 | G13: KEYNOTE-811 | H13: 신규(2026.1) | I13: 공고확인
B14: 5 | C14: 위/위식도접합부암 | D14: HER2- & PD-L1 CPS≥10, 수술불가 국소진행/전이 | E14: 1차 | F14: fluoropyrimidine+백금 | G14: KEYNOTE-859 | H14: 신규(2026.1) | I14: 공고확인
B15: 6 | C15: 식도암 | D15: PD-L1 CPS≥10, 수술불가 국소진행/전이 | E15: 1차 | F15: 백금+fluoropyrimidine | G15: KEYNOTE-590 | H15: 신규(2026.1) | I15: 공고확인
B16: 7 | C16: 자궁내막암 | D16: pMMR(비MSI-H/비dMMR), 전신요법 후 진행 | E16: 2차 | F16: lenvatinib 병용 | G16: KEYNOTE-775 | H16: 신규(2026.1) | I16: 공고확인
B17: 7 | C17: 자궁내막암 | D17: MSI-H/dMMR, 치료 후 진행·대체옵션 없음 | E17: 2차 이상 | F17: 단독 | G17: KEYNOTE-158 | H17: 신규(2026.1) | I17: 공고확인
B18: 8 | C18: 직결장암 | D18: MSI-H/dMMR, 수술불가/전이성 | E18: 1차 | F18: 단독 | G18: KEYNOTE-177 | H18: 신규(2026.1) | I18: 공고확인
... B24: 13 | C24: 담도암 | D24: MSI-H/dMMR, 치료 후 진행·대체옵션 없음 | E24: 2차 이상 | F24: 단독 | G24: KEYNOTE-158 | H24: 신규(2026.1) | I24: 공고확인
C26: 검증: '공고확인'=2025 암질심 의결·공고개정 기준 일치. CPS/MSI 기준은 처방 시 최신 공고 본문으로 재확인 권장.
